"Region","Year","Under-five population","Infant population","Population coverage (under 5)","Population coverage (age 0)","U5MR median","IMR median","CMR median","Under-five deaths median","Infant deaths median","Child deaths median"
"Adhoc","1950","1890903","1003556","0","0",,,,,,
"World","1950","521349131","265324850","0","0",,,,,,
"Adhoc","1951","1930824","1030426","0","0",,,,,,
"World","1951","526878162","269170163","0","0",,,,,,
"Adhoc","1952","1971705","1058395","0","0",,,,,,
"World","1952","535407411","277105973","0","0",,,,,,
"Adhoc","1953","2009938","1082580","0","0",,,,,,
"World","1953","545514816","287393582","0","0",,,,,,
"Adhoc","1954","2044095","1100054","0","0",,,,,,
"World","1954","558349863","299857226","0.8","0.8",,,,,,
"Adhoc","1955","2076018","1110630","0","0",,,,,,
"World","1955","574414842","314639267","0.7","0.7",,,,,,
"Adhoc","1956","2106912","1116701","0","0",,,,,,
"World","1956","592277009","328461110","0.7","0.7",,,,,,
"Adhoc","1957","2140380","1124164","0","0",,,,,,
"World","1957","613076867","341300831","0.7","0.7",,,,,,
"Adhoc","1958","2175314","1136292","0","0",,,,,,
"World","1958","636498477","354312661","0.8","0.7",,,,,,
"Adhoc","1959","2208234","1153000","0","0",,,,,,
"World","1959","661239105","366277563","0.9","0.9",,,,,,
"Adhoc","1960","2246290","1179625","0","0",,,,,,
"World","1960","686097674","376724313","0.9","0.9",,,,,,
"Adhoc","1961","2287209","1212781","0","0",,,,,,
"World","1961","708404795","385744881","0.9","0.9",,,,,,
"Adhoc","1962","2331504","1247545","0","0",,,,,,
"World","1962","729041539","394121264","0.9","0.9",,,,,,
"Adhoc","1963","2381887","1283620","0","0",,,,,,
"World","1963","748955099","401550001","7.8","8.1",,,,,,
"Adhoc","1964","2439732","1321225","0","0",,,,,,
"World","1964","764745194","405765053","10.5","11",,,,,,
"Adhoc","1965","2506644","1360407","0","0",,,,,,
"World","1965","776862357","407152679","10.8","11.4",,,,,,
"Adhoc","1966","2581332","1401313","0","0",,,,,,
"World","1966","787608523","408318456","13.1","14",,,,,,
"Adhoc","1967","2657100","1442953","0","0",,,,,,
"World","1967","801379902","413189640","14.9","15.8",,,,,,
"Adhoc","1968","2736936","1487106","0","0",,,,,,
"World","1968","821401936","425558295","16.7","17.7",,,,,,
"Adhoc","1969","2819382","1532719","0","0",,,,,,
"World","1969","842532325","442197078","54.4","54.3","27.6954029778994","20.0162174489758","7.83603327489119","2417994","1788118","629876"
"Adhoc","1970","2904824","1579982","0","0",,,,,,
"World","1970","860452871","458457845","54.7","53.6","26.9751197206188","19.4231524062082","7.70155580660733","2419996","1798405","621591"
"Adhoc","1971","2994266","1629752","0","0",,,,,,
"World","1971","877286348","474170186","54.5","52.4","26.3107010385148","18.8768484010554","7.57688025743201","2420421","1807225","613196"
"Adhoc","1972","3083300","1679498","100","100","57.0079187767975","33.7235256274794","24.0970299566056","18370","11522","6848"
"World","1972","892646001","484729619","78.6","79.1","23.60854210231","16.6241023984727","7.10251260059615","2206659","1625147","581511"
"Adhoc","1973","3178929","1732800","100","100","55.5225785116794","32.8120099733071","23.4810282722241","18433","11561","6872"
"World","1973","909503355","489254392","78.9","79.2","22.8000247010708","15.9777047336553","6.93309491079038","2160775","1576023","584752"
"Adhoc","1974","3279232","1788750","100","100","54.1552559848837","32.0023104375391","22.8853289488302","18536","11635","6901"
"World","1974","930820782","494072397","79.9","80","22.0294411160974","15.3423506909327","6.79128469662224","2123004","1527766","595238"
"Adhoc","1975","3379070","1844484","100","100","52.8467139225208","31.1974388799983","22.3464263115638","18627","11691","6936"
"World","1975","953882503","500862946","80.2","80.1","21.301315650357","14.7735377402873","6.62566238334447","2093223","1490917","602306"
"Adhoc","1976","3476541","1898755","100","100","51.2992488519538","30.2579590206557","21.6978216289854","18589","11667","6922"
"World","1976","977235739","508582337","81.1","80.9","20.6034664179732","14.217062849981","6.47850893671966","2065671","1456463","609208"
"Adhoc","1977","3567199","1949006","100","100","49.6588516226876","29.2601886757635","21.0135225824283","18448","11575","6873"
"World","1977","995522087","516445044","83.2","83","19.9337428947737","13.7090451054378","6.31121856937367","2032393","1425767","606626"
"Adhoc","1978","3661433","2000840","100","100","47.9467870689174","28.2288363796727","20.2907345138599","18266","11458","6808"
"World","1978","1005454369","521960121","83.3","83.1","19.3058990151554","13.2005326390832","6.18703858079744","1987322","1387186","600136"
"Adhoc","1979","3748814","2048538","100","100","45.6594964834415","26.8468108786774","19.3316795495992","17787","11149","6638"
"World","1979","1013105162","524752744","87.2","87","18.3911000403232","12.472678251141","5.99317270402303","1904345","1317229","587115"
"Adhoc","1980","3726989","2036378","100","100","43.0079782293525","25.2255816733058","18.242576150667","16630","10405","6225"
"World","1980","1020527882","525270472","91.1","90.9","17.7999542441819","11.9904895832691","5.87996836028685","1851384","1267247","584137"
"Adhoc","1981","3524705","1925294","100","100","40.3312078375156","23.6053275463753","17.1302453434216","14725","9198","5527"
"World","1981","1027226689","524251640","91.1","90.9","17.2882132073215","11.6129175691279","5.74197674076802","1804007","1224730","579277"
"Adhoc","1982","3083485","1683166","100","100","37.6529170943566","21.9845952122764","16.0205266761427","12006","7483","4523"
"World","1982","1033947226","523182883","91.6","91.3","16.8119657911534","11.2659755795538","5.60918313178346","1760117","1185511","574606"
"Adhoc","1983","3036984","1655895","100","100","34.9974343627069","20.389132968708","14.9123513076874","10972","6822","4150"
"World","1983","1039034970","522626543","91.6","91.3","16.3919266783293","10.9572219341494","5.4949137334665","1720704","1151616","569087"
"Adhoc","1984","3074220","1672688","100","100","32.4313961270916","18.8469682438208","13.845371153729","10273","6365","3908"
"World","1984","1043555361","524451924","91.7","91.4","16.0811731923179","10.7182006648832","5.42107671549117","1694643","1130294","564350"
"Adhoc","1985","3226215","1751248","100","100","30.0759739521274","17.4341464740005","12.8661376056994","9980","6160","3820"
"World","1985","1049641045","530052901","91.8","91.5","15.6787732246514","10.3921384470072","5.34215115202073","1664061","1107431","556630"
"Adhoc","1986","3254894","1762910","100","100","27.7915348409078","16.0703132473174","11.912661800331","9288","5712","3576"
"World","1986","1056891998","538155776","91.9","91.7","15.2873287666109","10.0669222875929","5.2734943366895","1637553","1088996","548557"
"Adhoc","1987","3245264","1753435","100","100","25.7415678095949","14.8565784017786","11.049141849983","8564","5249","3315"
"World","1987","1066915601","549018975","91.8","91.7","14.896770270162","9.73905482810283","5.20844073191627","1615513","1074618","540895"
"Adhoc","1988","3234950","1744689","100","100","23.8099645055962","13.7327334002561","10.2175459397355","7886","4825","3061"
"World","1988","1077941015","560545836","96.8","96.7","15.07107395317","9.85616688297715","5.26681770442981","1656883","1110439","546444"
"Adhoc","1989","3309686","1784414","100","100","22.1491725595552","12.7570552195065","9.51348134692104","7498","4582","2916"
"World","1989","1090177957","570775200","97.7","97.7","14.8291139132584","9.66401473010078","5.21550187005465","1651758","1108553","543206"
"Adhoc","1990","3414080","1842562","100","100","29.9185128543834","17.7562185763074","12.382154520182","10518","6602","3916"
"World","1990","1105530730","580653476","100","100","15.1870474471352","9.8259619022428","5.41428611397611","1716640","1146730","569910"
"Adhoc","1991","3396350","1840227","100","100","27.7881312747643","16.4832544201233","11.4943410017647","9715","6117","3598"
"World","1991","1123422934","590598080","100","100","15.1946237606825","9.79426026512037","5.45377922875696","1745359","1162588","582771"
"Adhoc","1992","3524874","1922942","100","100","24.5813041532816","14.5070294559812","10.2225738776595","8912","5620","3292"
"World","1992","1144400808","600504691","100","100","14.6323111755335","9.35119808748922","5.33096398829608","1709811","1128363","581448"
"Adhoc","1993","3996397","2196679","100","100","16.496438740877","9.4738244257032","7.08978166185479","6743","4182","2561"
"World","1993","1166306415","610356482","100","100","14.2898147347609","9.07670355862178","5.26086246519837","1699554","1113056","586498"
"Adhoc","1994","4482136","2483213","100","100","15.3870793053352","8.82640488280808","6.61909725485718","7058","4403","2655"
"World","1994","1186596625","620019063","100","100","14.0794695165222","8.81849817393756","5.30777797294673","1701424","1098370","603054"
"Adhoc","1995","4757727","2654743","100","100","14.4074035464092","8.24165106117353","6.21699075367799","7017","4394","2623"
"World","1995","1205230080","628528373","100","100","13.1703049187368","8.30636751898511","4.9046774532404","1615610","1048512","567098"
"Adhoc","1996","4981301","2792771","100","100","13.530375756646","7.7257783828726","5.84979156700608","6900","4332","2568"
"World","1996","1220341478","633003390","100","100","12.9974350995519","8.16204880880203","4.87517772932824","1611630","1037555","574075"
"Adhoc","1997","5215501","2932673","100","100","12.775669072379","7.26379994584426","5.55219919071564","6818","4276","2542"
"World","1997","1229744178","631998491","100","100","12.6528901168043","7.92502725621664","4.76563061308937","1576794","1005706","571088"
"Adhoc","1998","5464312","3078246","100","100","15.9834324193342","9.0742223527266","6.97247989956622","8951","5612","3339"
"World","1998","1236285250","628750700","100","100","12.6535945080759","7.91387370097387","4.77752957274352","1581017","999124","581893"
"Adhoc","1999","5740272","3236483","100","100","11.5732622318542","6.54888931422365","5.05749388529269","6792","4253","2539"
"World","1999","1240883533","624027967","100","100","11.8836251676806","7.42590948855319","4.49106592821749","1485564","930249","555315"
"Adhoc","2000","6017665","3394081","100","100","11.0907916190822","6.2618566287421","4.85936362868987","6820","4264","2556"
"World","2000","1243054399","617725804","100","100","11.5359864208003","7.20633996099041","4.36107384049951","1440141","893528","546613"
"Adhoc","2001","6005143","3385360","100","100","10.7099709994449","6.03720686415695","4.70114592574017","6569","4100","2469"
"World","2001","1242336810","612888769","100","100","11.3517354227447","7.08242476236357","4.29976341123721","1413695","871233","542462"
"Adhoc","2002","6223589","3500046","100","100","10.4272566053552","5.86410683755997","4.59006640760083","6623","4117","2506"
"World","2002","1239178864","610982474","100","100","11.0079869777028","6.8341928067001","4.20251496857095","1367091","837978","529113"
"Adhoc","2003","6766822","3789013","100","100","10.2611382830743","5.76058998546826","4.52662432435692","7080","4378","2702"
"World","2003","1235637295","610525139","100","100","10.774936563148","6.6472783619599","4.15527950070108","1334958","814373","520585"
"Adhoc","2004","7139260","3974341","100","100","10.2061195977466","5.72539528936956","4.50652595082732","7423","4564","2859"
"World","2004","1231531056","610889398","100","100","10.8152249604904","6.63728692749179","4.20585348938263","1336796","813630","523166"
"Adhoc","2005","7358030","4068940","100","100","10.2735298415113","5.76616050412858","4.5335102853351","7695","4706","2989"
"World","2005","1227136027","612578777","100","100","10.2870009296749","6.25292616947918","4.05945825293956","1268453","768485","499969"
"Adhoc","2006","7729006","4245826","100","100","10.4117391668809","5.84275383454204","4.59583768056995","8185","4976","3209"
"World","2006","1225640269","615495136","100","100","9.872167540255","5.95605415427949","3.93957772424617","1217066","735374","481692"
"Adhoc","2007","8034440","4385929","100","100","10.5576386456599","5.9161959757819","4.66906577804478","8620","5205","3415"
"World","2007","1227250146","618621178","100","100","9.61052621460512","5.75829904364587","3.87453791895254","1187045","714498","472547"
"Adhoc","2008","8044443","4364917","100","100","10.6473056149161","5.96850329672438","4.70689543913762","8698","5226","3472"
"World","2008","1229976017","621924417","100","100","9.62141752897927","5.74348516765546","3.90033387106115","1191708","716460","475248"
"Adhoc","2009","8359887","4509680","100","100","10.5729498560265","5.91193995202352","4.68872939061158","8967","5348","3619"
"World","2009","1234393925","625920181","100","100","9.3306409023376","5.52633737533366","3.82544422238733","1160155","693726","466429"
"Adhoc","2010","8577901","4599079","100","100","10.2841057281206","5.74655139163349","4.56378033472069","8941","5301","3640"
"World","2010","1239562506","629419560","100","100","8.99127316319692","5.27119372248025","3.73979261205681","1122529","665312","457217"
"Adhoc","2011","8749868","4662641","100","100","9.86762970951227","5.49141654699086","4.40037746816318","8740","5135","3605"
"World","2011","1246028960","633155682","100","100","8.85675554085197","5.1761766077016","3.69972938585219","1111499","657166","454334"
"Adhoc","2012","9076613","4808203","100","100","9.34380638270793","5.18182759200804","4.18365778404073","8575","4996","3579"
"World","2012","1254333494","638524239","100","100","8.37995500105071","4.84917921673504","3.54798057799586","1058521","620769","437752"
"Adhoc","2013","9305332","4906389","100","100","9.65114554466206","5.40279152359331","4.27143167592106","9082","5316","3766"
"World","2013","1264590382","645333012","100","100","8.12982373338345","4.67306158574827","3.47299165150944","1035432","604549","430883"
"Adhoc","2014","9519038","5006935","100","100","9.6429102848854","5.41973572563907","4.24618777482732","9282","5442","3840"
"World","2014","1276415597","653061883","100","100","8.01517268889973","4.58480130552814","3.44617139447996","1030586","600208","430378"
"Adhoc","2015","9795527","5149895","100","100","9.85758921543423","5.56323655276845","4.31837681440828","9767","5746","4021"
"World","2015","1287914765","660738702","100","100","7.87050765248598","4.47782800136545","3.40793981947116","1021268","593063","428205"
"Adhoc","2016","9924478","5225463","100","100","9.75334330992483","5.50108490173097","4.27577983609334","9792","5765","4027"
"World","2016","1298814884","667703800","100","100","7.70457537554847","4.36331679967678","3.35590143698972","1008256","583955","424301"
"Adhoc","2017","10100518","5336292","100","100","7.96526334987824","4.36894379358017","3.61210062088741","8121","4673","3448"
"World","2017","1311300506","674733973","100","100","7.60311916314138","4.29146398130586","3.32592828326765","1004505","580365","424140"
"Adhoc","2018","10306060","5463919","100","100","8.15357556290397","4.47301958404661","3.69709314891638","8486","4899","3587"
"World","2018","1324453104","680947810","100","100","7.24324122238229","4.06097393801281","3.19524308325616","966077","554188","411889"
"Adhoc","2019","10532315","5597298","100","100","8.49004852363222","4.66634393200613","3.84163096295905","9035","5236","3799"
"World","2019","1336530462","685205805","100","100","7.11609781323819","3.98199958927912","3.14662809574391","957328","546786","410541"
"Adhoc","2020","10779612","5736707","100","100","9.77006059193164","5.42391078918423","4.36985148737695","10657","6240","4417"
"World","2020","1347380672","688149030","100","100","6.93149346806277","3.86227340905039","3.08112018758292","939454","532592","406861"
"Adhoc","2021","11073079","5892250","100","100","10.450502700887","5.813591925783","4.6640255161865","11715","6871","4844"
"World","2021","1356763267","690145217","100","100","7.01504309564438","3.91076307573709","3.11646778705556","957004","540856","416147"
"Adhoc","2022","11185032","5942974","100","100","9.81196529293859","5.40854482958721","4.42736607122463","11098","6446","4652"
"World","2022","1363927904","689997298","100","100","7.15001739802656","3.99682035743727","3.16585037581995","980053","552663","427389"
"Adhoc","2023","11269812","5975279","100","100","10.0565588532119","5.54582574391336","4.53588835571315","11460","6646","4814"
"World","2023","1366807024","687024329","100","100","6.83767519593581","3.78897965456355","3.0602909214105","938317","521612","416704"
"Adhoc","2024","11514546","6091221","100","100","10.1713871533304","5.60626624877923","4.59085847949774","11840","6849","4991"
"World","2024","1365752679","682277775","100","100","6.65597439158405","3.67830086048487","2.98866674656489","911997","502849","409147"
