"Region","Year","Under-five population","Infant population","Population coverage (under 5)","Population coverage (age 0)","U5MR median","IMR median","NMR median","Under-five deaths median","Infant deaths median","Neonatal deaths median"
"Adhoc","1950","1298490","314667","0","0",,,,,,
"World","1950","341786649","81494561","22.1","19.7",,,,,,
"Adhoc","1951","1305508","316918","0","0",,,,,,
"World","1951","354769874","83002308","28.5","26",,,,,,
"Adhoc","1952","1313394","323560","0","0",,,,,,
"World","1952","368211261","86456843","31.2","28.9",,,,,,
"Adhoc","1953","1326373","330288","0","0",,,,,,
"World","1953","380275266","87901777","49.7","48.9",,,,,,
"Adhoc","1954","1344133","336357","0","0",,,,,,
"World","1954","392688608","89873793","52.7","52.5","215.409829310533","136.635023577847","25.1819838640787",,,
"Adhoc","1955","1370645","343200","0","0",,,,,,
"World","1955","403367237","91851553","54.9","54.9","211.200424258347","134.657526306824","27.6887345404063",,"13154327","2796194"
"Adhoc","1956","1403185","350560","0","0",,,,,,
"World","1956","412841033","92463691","55.7","56.5","207.446959477327","131.718961072769","27.3936433738027",,"12982702","2767554"
"Adhoc","1957","1436754","357741","100","100","368.19661035821","262.362637010397","27.1674861483809",,,
"World","1957","422958574","95327053","56.7","57","204.023342541675","130.38017971792","30.1386610772538",,"13105571","3169725"
"Adhoc","1958","1471465","365265","100","100","362.068536367921","258.93742995553","26.6154022752082",,"108015","11697"
"World","1958","430576402","95802676","60.9","61.5","199.740387627844","127.378544282912","29.8527562884611",,"13020674","3102565"
"Adhoc","1959","1505734","372795","100","100","356.445237823317","255.809343534001","26.3543862805973",,"108664","11784"
"World","1959","434260062","93378081","61.8","64.3","194.510506898945","124.110646965293","29.5933727672281","19519627","12450845","2998304"
"Adhoc","1960","1544491","381389","100","100","350.550811097808","252.416153821124","26.0497081015998",,"109290","11879"
"World","1960","433581372","92367828","63.4","66.4","190.287384923306","121.816307644909","31.2371649174523","19006988","12065550","3174073"
"Adhoc","1961","1585522","390526","100","100","345.193254417785","249.240234690339","26.4971886730716",,"110181","12335"
"World","1961","431727011","91875859","65","68","186.300993791971","119.274036100792","31.4584174633216","18542554","11761212","3152815"
"Adhoc","1962","1629069","400424","100","100","340.16288192029","246.425987075528","26.0692323151441","153287","111374","12410"
"World","1962","437858069","99391096","65.5","63.9","184.695574916325","119.297512431931","30.5846929690587","18835820","12247048","3395051"
"Adhoc","1963","1674930","411001","100","100","334.982342668731","243.594715783493","25.6645847682996","154382","112706","12507"
"World","1963","450214071","107938317","65.1","60","183.450167787887","118.253263094714","31.2017888570158","19751252","13270462","3709126"
"Adhoc","1964","1722674","421832","100","100","329.747572685277","240.625212237298","24.4224201798904","155491","113995","12177"
"World","1964","465451514","108656854","67.2","63.4","180.361791865194","115.33014030501","30.1553359582017","19927329","13282972","3516750"
"Adhoc","1965","1772400","432900","100","100","324.479101546251","237.657739457576","24.1992034153942","156581","115265","12347"
"World","1965","482301458","108199605","65.8","64.2","179.84360237461","114.73222425408","31.0557377138396","20058444","13079659","3633902"
"Adhoc","1966","1825161","444936","100","100","319.532520545591","234.973925666783","24.1686266562253","157985","116817","12646"
"World","1966","497729573","107960397","65.6","65.7","176.126112180729","113.118510060272","31.2195236521211","19871432","12884032","3635591"
"Adhoc","1967","1879100","457336","100","100","314.840118229978","232.389061497037","23.6884236917564","159611","118510","12706"
"World","1967","508301148","107969386","65.1","66.9","173.232195325302","110.752460188858","32.7685261960111","19696448","12621607","3806596"
"Adhoc","1968","1936078","470442","100","100","310.011140165322","229.572233287898","23.4454642450707","161180","120119","12902"
"World","1968","513565900","111242450","67.2","67.7","174.301441983352","111.717725308114","32.7214703107281","20101039","12947982","3960927"
"Adhoc","1969","1994941","483838","100","100","304.920851528628","226.610195895051","37.8028621003284","162628","121684","21336"
"World","1969","517493068","113154511","94.7","94.8","154.102779863934","101.363092699379","48.7674711562536","18004860","12022922","5928227"
"Adhoc","1970","2055566","496838","100","100","300.047739630718","223.825291230199","37.508793057527","164035","123182","21661"
"World","1970","524266002","114632779","94.7","94.8","151.765417272554","99.6663569427291","48.2873502724975","17939946","11964117","5958616"
"Adhoc","1971","2119195","510903","100","100","344.286485974113","248.958844502471","37.6655946243375","195406","140509","22327"
"World","1971","530917286","114961727","96.7","96.7","149.118937182574","98.0357563126458","48.2219126859153","17765410","11814266","5933325"
"Adhoc","1972","2181478","524586","100","100","337.910137249894","245.175169234533","37.9297173966864","195097","141212","23014"
"World","1972","538075835","114816743","97.2","97.2","143.35833718842","95.1926979228203","48.0442379005806","17057382","11440500","5902524"
"Adhoc","1973","2247932","539541","100","100","284.746880207601","214.768719608137","38.3255380994385","166197","126880","23865"
"World","1973","543226546","114915307","97.2","97.1","140.346064083458","93.252045156248","48.0029604941291","16713430","11206240","5897595"
"Adhoc","1974","2317622","555725","100","100","279.501207190828","211.561571236727","39.8557875218765","168276","129023","25499"
"World","1974","545364483","114456217","97.2","97.1","139.417436805305","92.4264226574086","48.0597070794913","16570662","11064999","5864634"
"Adhoc","1975","2386935","570860","100","100","274.217995756602","208.293509015283","40.7436838388728","169590","130317","26680"
"World","1975","545052933","113094459","97.3","97.2","136.638283530886","90.7393588133178","47.9314342927482","16096796","10732172","5769136"
"Adhoc","1976","2454469","585207","100","100","268.646042801445","204.750462113229","40.8846055735461","170471","131113","27377"
"World","1976","544087809","112976088","98.3","98.2","132.310525663784","87.9552035063653","47.407801241476","15522212","10368985","5716230"
"Adhoc","1977","2517481","599162","100","100","262.877697240643","201.097207827068","41.2970743342048","170927","131688","28249"
"World","1977","542754652","112843326","98.3","98.3","129.116090200908","85.9688474904399","47.3872300065893","15126416","10128173","5690281"
"Adhoc","1978","2580756","612321","100","100","256.940651755682","197.239607112498","40.5409771019467","170736","131882","28273"
"World","1978","542337738","113775644","98.6","98.5","126.075027511921","83.9197607160589","46.5190766355694","14801356","9939006","5645987"
"Adhoc","1979","2634577","623462","100","100","251.108891966423","193.499314037535","39.2014076254387","170191","131865","27825"
"World","1979","544343748","116299727","99","98.9","122.139863754155","81.4965183075961","45.4611011596099","14535663","9842353","5645152"
"Adhoc","1980","2611217","618438","100","100","245.161603903051","189.610728338825","38.3869599808745","167454","129739","27016"
"World","1980","549443094","118833632","99.3","99.3","118.985081139335","79.5188598203853","44.6953407699291","14431062","9805955","5659586"
"Adhoc","1981","2461842","581701","100","100","239.011378681369","185.570506428709","37.3802592788195","159072","122232","24662"
"World","1981","557347106","121174260","99.4","99.4","115.777743791352","77.4629704229603","43.7677587393025","14298213","9741446","5641619"
"Adhoc","1982","2142149","503507","100","100","277.035182070739","199.108019945819","35.8822039045608","173800","118231","20578"
"World","1982","568414267","124419005","99.5","99.5","112.449024955505","75.2153284451527","42.6809179278562","14214433","9697773","5649972"
"Adhoc","1983","2098275","493003","100","100","271.190071031841","195.0216658616","36.6505806566315","158607","106465","20481"
"World","1983","578371986","124250589","99.7","99.7","111.319325571332","74.9116179261952","42.2600214093236","14209621","9666311","5547744"
"Adhoc","1984","2108446","495094","100","100","303.820358178728","206.621501263216","35.4468441159765","176539","112189","19959"
"World","1984","589282715","125978754","99.9","99.9","109.023776671484","73.1168985931562","41.3754529769389","14019349","9534730","5527996"
"Adhoc","1985","2195739","518734","100","100","296.04744513461","201.663905751581","34.228371211993","170314","112514","20183"
"World","1985","598756834","128178209","100","100","106.314028213107","71.5071218586993","40.3739020376185","13905669","9486566","5476933"
"Adhoc","1986","2215078","528378","100","100","250.475894740229","181.266794626645","32.9661513185275","142847","103972","19637"
"World","1986","608808088","130983476","100","100","103.082491871411","69.5729619637506","39.3738246239527","13732730","9414541","5456765"
"Adhoc","1987","2224813","530453","100","100","244.224517141228","176.856993021565","81.0357353521032","139785","102111","48175"
"World","1987","618318309","133322784","100","100","99.3940748491212","67.4080889636039","38.6901705303126","13489540","9288858","5442357"
"Adhoc","1988","2246274","534052","100","100","194.298539266493","155.01684315724","78.8014163811492","111232","89562","46905"
"World","1988","626906731","133454461","100","100","99.7937778814373","67.5880598962112","38.115719979969","13643686","9337975","5349033"
"Adhoc","1989","2334132","552449","100","100","187.781604787229","150.42737261035","77.2650369010149","109930","88683","47332"
"World","1989","636696900","134508510","100","100","95.4226901874975","65.2170775138185","37.2050931721894","13115235","9056428","5267155"
"Adhoc","1990","2441197","574953","100","100","181.384583734027","145.886979922913","75.7612442115946","109714","89023","48171"
"World","1990","645057886","135854691","100","100","93.5154895927483","63.9902775216954","36.56216734361","12970030","8974730","5220443"
"Adhoc","1991","2455082","577743","100","100","175.173283456266","141.446336095942","74.2435395576095","108203","88121","47455"
"World","1991","646591146","132018963","100","100","92.9413542565319","64.0312084329549","36.2780236267188","12742757","8782492","4998448"
"Adhoc","1992","2571564","605500","100","100","169.131970216607","137.155966064041","72.7025047737965","107134","87667","48474"
"World","1992","645675820","129855563","100","100","92.3143158227767","63.2937276698335","35.8404553719418","12389589","8503824","4873738"
"Adhoc","1993","2941666","692120","100","100","163.536368993548","133.140778099207","71.2238201843902","112102","93130","53874"
"World","1993","642256957","128912465","100","100","91.1219738203928","62.489763312194","35.3390977073369","12110950","8316173","4770864"
"Adhoc","1994","3325916","779229","100","100","158.272356260917","129.432086012369","69.8112340768749","121014","102212","59227"
"World","1994","637723204","128461695","100","100","89.3829695399659","61.3969497138321","34.7611308557448","11806667","8136167","4675533"
"Adhoc","1995","3552851","825612","100","100","153.384824820441","125.993360765069","68.4293413383042","127147","108036","61381"
"World","1995","631274797","128222748","100","100","87.4938880121994","60.2294104692418","34.1225552346784","11507720","7960602","4579747"
"Adhoc","1996","3728376","858437","100","100","148.773595776565","122.712453510687","67.1213833919938","129830","110096","62470"
"World","1996","626383367","127921065","100","100","86.4429124342356","59.4609676670292","33.454400285643","11321635","7838752","4472920"
"Adhoc","1997","3889210","887533","100","100","144.409539644964","119.643452464143","65.9052818896082","131427","111060","63274"
"World","1997","624491763","127694401","100","100","84.3288156212468","58.1473952043814","32.7370374115921","11012861","7643613","4366305"
"Adhoc","1998","4034697","912379","100","100","140.162392712438","116.63217056999","64.6912276630214","132074","111367","63685"
"World","1998","623492514","127662576","100","100","82.7847975357647","57.0448552988612","31.9764062893647","10796617","7491667","4262160"
"Adhoc","1999","4180361","939333","100","100","135.95363948867","113.639605913837","63.4104018514492","132007","111445","64152"
"World","1999","623184104","127899706","100","100","79.4455123780776","55.1252178081802","31.193252041335","10361554","7240967","4163876"
"Adhoc","2000","4313183","963469","100","100","131.707237184146","110.603975959455","62.1767781942732","131354","111260","64358"
"World","2000","624708130","129464289","100","100","76.6823740729383","53.2582460568201","30.2944355875123","10063220","7067875","4094729"
"Adhoc","2001","4228588","937797","100","100","127.479861753329","107.512738990769","60.8814641647189","127295","107744","61286"
"World","2001","626061567","129559092","100","100","74.3284118018462","51.8629827650964","29.4739087278518","9790280","6896569","3974645"
"Adhoc","2002","4304102","947805","100","100","123.07344698106","104.260840308817","59.566755103664","122282","103524","60414"
"World","2002","628915784","129758471","100","100","71.3086307544061","49.8968094712449","28.5469962330755","9396996","6642455","3850828"
"Adhoc","2003","4595069","1002431","100","100","118.547496515675","100.837861029169","58.2389484192512","121205","103395","62166"
"World","2003","632373814","130206938","100","100","68.3339189976357","47.9973199011011","27.5952044244996","9030237","6404671","3731312"
"Adhoc","2004","4753520","1027932","100","100","113.944019411896","97.3627813123189","56.8315390344041","120521","103674","62167"
"World","2004","636440873","131140416","100","100","65.8397625492193","46.262709799641","26.6539916805072","8753237","6210630","3627990"
"Adhoc","2005","4796759","1030934","100","100","109.329354079257","93.791288585041","55.3912282931171","117157","101149","60722"
"World","2005","639759300","131881732","100","100","62.3255091457823","44.1402853310279","25.7870018087459","8332937","5955812","3524990"
"Adhoc","2006","4935098","1055444","100","100","104.807773175688","90.2835707486462","53.9272668175941","113826","98594","60370"
"World","2006","643631640","133191690","100","100","59.5597369466135","42.3498098804668","24.9401418649309","8020449","5762991","3441435"
"Adhoc","2007","5028178","1071268","100","100","100.374320591923","86.7943855783983","52.4467817694136","111047","96476","59501"
"World","2007","648499453","134734906","100","100","56.9534048571878","40.6742284034049","24.137198402352","7748784","5594471","3365983"
"Adhoc","2008","4952264","1060720","100","100","96.0869144510174","83.4041354141807","50.9108746303443","106838","92961","57329"
"World","2008","654783226","136569284","100","100","54.6946546505211","39.187065212978","23.37853201835","7530708","5454569","3302718"
"Adhoc","2009","5085671","1093346","100","100","91.880708966742","80.0632513671524","49.4368416723862","103298","90225","57170"
"World","2009","661822876","137967088","100","100","52.9163866882926","37.9934085180954","22.7399388784275","7353914","5337455","3240326"
"Adhoc","2010","5178168","1116095","100","100","87.9567152953438","76.920192612085","47.9600667446601","101132","88792","56581"
"World","2010","668734403","138611221","100","100","50.5894219532135","36.6720603811993","22.1283416614731","7078368","5179379","3162467"
"Adhoc","2011","5263636","1137636","100","100","84.2932228716154","73.9725418269641","46.5383953019793","98754","87055","55900"
"World","2011","675340899","139176364","100","100","49.5124372336392","35.869774320733","21.5464614975158","6954774","5084156","3090023"
"Adhoc","2012","5462345","1179371","100","100","80.8145093811917","71.172647894543","45.1786735828009","97116","86028","56111"
"World","2012","682560519","141224919","100","100","46.7050038863185","34.0274451663183","20.7849412735309","6642496","4891278","3025245"
"Adhoc","2013","5611864","1209463","100","100","77.5974987280598","68.5872985593622","43.8979564694923","95929","85355","55859"
"World","2013","686845626","140738748","100","100","45.0603670791954","33.0629059734213","20.3343498943158","6423316","4741301","2939572"
"Adhoc","2014","5751649","1236012","100","100","74.6140734121312","66.1745928669577","42.7010783916124","94378","84224","55455"
"World","2014","691041254","140959185","100","100","43.9157168429837","32.1126247819121","19.7283116542713","6267968","4615491","2857070"
"Adhoc","2015","5927883","1268026","100","100","71.898430064046","63.9966766602932","41.5445481726564","93060","83317","55262"
"World","2015","693244389","140268819","100","100","42.8756030904384","31.4732867040534","19.4165192139927","6096386","4489571","2793488"
"Adhoc","2016","6008834","1280968","100","100","69.3718842033517","61.9475292982151","40.4426967793266","91394","82006","54314"
"World","2016","695617763","140697132","100","100","41.7225493325267","30.6108726925975","18.9420077297948","5945046","4381681","2735251"
"Adhoc","2017","6113585","1300918","100","100","67.0705673787793","60.0885284006228","39.4273275474157","89516","80485","53664"
"World","2017","695379825","139833432","100","100","40.8870927169558","30.0217393172539","18.5737010537547","5810440","4273580","2659746"
"Adhoc","2018","6228911","1322091","100","100","64.8232011210302","58.2780910875697","38.3756221095957","87816","79194","53004"
"World","2018","692015599","136956736","100","100","39.9617980023049","29.6032586128679","18.5437057745853","5569452","4115163","2595079"
"Adhoc","2019","6348414","1345413","100","100","62.7157343545629","56.566551473868","37.4430768889415","86349","78117","52593"
"World","2019","687902215","135155938","100","100","39.5659274896375","29.1980042400948","18.2799719318089","5434923","4009979","2526769"
"Adhoc","2020","6473838","1369740","100","100","60.6923210418835","54.8911736316115","36.4844952911727","84999","77118","52124"
"World","2020","680133763","131727522","100","100","39.155846777982","29.1045122882045","18.2376301894199","5260398","3892530","2450965"
"Adhoc","2021","6617196","1394560","100","100","58.7116726089787","53.229991267507","35.6078278425774","83622","76065","51716"
"World","2021","671473691","130147541","100","100","39.6078027619603","29.2596276019211","18.0496459308294","5229575","3857906","2402287"
"Adhoc","2022","6650260","1403114","100","100","56.770402516455","51.5692720339017","34.7205836803595","81822","74536","50754"
"World","2022","661036002","129219679","100","100","39.9769923889103","29.3055666390039","17.8512741669633","5222371","3833690","2358911"
"Adhoc","2023","6669740","1410600","100","100","54.8650977048867","49.9259451985725","33.9040960547971","79584","72559","49779"
"World","2023","652281906","128833896","100","100","38.334492480559","28.3614490240423","17.5585209590517","4985215","3699467","2313882"
"Adhoc","2024","6789247","1435730","100","100","53.0320211332447","48.3147509339742","33.1367342827573","77768","70975","49429"
"World","2024","645810209","129091563","100","100","37.3671659203614","27.6794645601969","17.195127080039","4857797","3619746","2271170"
